id,first_name,last_name,email,password
1,Lanae,Polsin,lpolsin0@purevolume.com,"kW5@$K,1LMW%s8"
2,Bruis,Cockroft,bcockroft1@thetimes.co.uk,oZ6'{OWutGFpB
3,Germain,Ruddell,gruddell2@msn.com,gT6&EC@l$
4,Magnum,Milverton,mmilverton3@imageshack.us,"pB0?a#,Rz"
5,La verne,McCullogh,lmccullogh4@wordpress.com,lN7)(|!F8JabmPZ@
6,Rina,Philippeaux,rphilippeaux5@cornell.edu,hT5<i')(i)}J
7,Robin,Gilbanks,rgilbanks6@ovh.net,sI8\ny?8H}vH?x5
8,Edgar,Holstein,eholstein7@sbwire.com,aN2+w=eh++`mSq
9,Dacey,Britt,dbritt8@i2i.jp,wD3.3Qs9y@n
10,Pip,Roj,proj9@umich.edu,qS1~GDS=0.
11,Arvin,Antosch,aantoscha@ask.com,pC1/Y'Ax|0.j}a
12,Dominique,Coning,dconingb@tripod.com,pL7\ASo_@|iRe
13,Elysia,Anster,eansterc@unc.edu,eB1'E$}Fbsw
14,Estrellita,Readwood,ereadwoodd@multiply.com,yJ1=%)5Yns_F={v
15,Catrina,Shafier,cshafiere@mayoclinic.com,"gA3#O7E@"""
16,Nels,Oulet,nouletf@geocities.com,yA1)F<%h6Tc
17,Benita,McKean,bmckeang@tumblr.com,oR2|\bxzJCFK`ZrY
18,Evangeline,Mowne,emowneh@bravesites.com,dU9\amebdk
19,Aliza,Vasquez,avasquezi@mozilla.com,bO9~aD|2t
20,Cherry,McNeachtain,cmcneachtainj@springer.com,xJ6_/%'|a&c(sQ
21,Marillin,McIleen,mmcileenk@tiny.cc,nM2@Nrhgt
22,Jack,Crews,jcrewsl@rambler.ru,qD5(OHFM3p
23,Binnie,Beart,bbeartm@chicagotribune.com,aT4_a4n7
24,Cchaddie,Sterling,csterlingn@washingtonpost.com,"aJ3~|>\v=""igg4X"
25,Shadow,Bolsover,sbolsovero@berkeley.edu,pX3\Q}r)
26,Velvet,Brittle,vbrittlep@mapy.cz,"tD9@&kKL"""
27,Jerrylee,Durie,jdurieq@wikispaces.com,cH0&U61UcT
28,Ettie,O'Cuddie,eocuddier@example.com,mK1.yFE/qjppU
29,Cathee,Geke,cgekes@google.com.hk,"sU2,U!EjNGr?"
30,Herby,Bladesmith,hbladesmitht@histats.com,kR2_aa0j=G=tm
31,Mariejeanne,Drohun,mdrohunu@goo.gl,eV2=kB78!9p%
32,Aaron,Gleadle,agleadlev@wikipedia.org,lY1<=VwY3%Tky
33,Donna,Boyack,dboyackw@people.com.cn,qM5#.@=M=#
34,Geoff,Phalip,gphalipx@sphinn.com,rB6&xSDrHkid
35,Karil,Laughlan,klaughlany@vk.com,jG8+yu6y
36,Granger,Conyers,gconyersz@craigslist.org,mC2/`~j73'#
37,Dukie,Priestland,dpriestland10@cdc.gov,"cD0@f""M!@<"
38,Crysta,Laverenz,claverenz11@who.int,"bZ3*(P8VR,_rEZ"
39,Bartholomew,Quarrington,bquarrington12@ovh.net,xF5!Dfk!!OtUqhnW
40,Jacquenette,Gilby,jgilby13@ca.gov,gO7(2_|rpkpp
41,Ilaire,MacKaile,imackaile14@parallels.com,mC1)nt!w
42,Carolyn,Batalini,cbatalini15@indiatimes.com,mF0\T(Sq)9x@J|KV
43,Marybelle,Shearston,mshearston16@etsy.com,"cD9<Bc&A4,"
44,Meridith,Royse,mroyse17@macromedia.com,"qW8,}Ln9R"
45,Levy,Shimmin,lshimmin18@so-net.ne.jp,pT2%j!pIlc5DO0F$
46,Zoe,Larkings,zlarkings19@dailymail.co.uk,uH5<IL('8YqK+8O0
47,Quint,Snodden,qsnodden1a@geocities.jp,"yM9""Qr<?Q,{8"
48,Timi,Cody,tcody1b@telegraph.co.uk,nS3%USW!.*ai1GGm
49,Beltran,Orris,borris1c@cnet.com,uZ4|*x{l@AS*3\XG
50,Ber,Gurdon,bgurdon1d@yellowpages.com,hT9+8U>Y+8
